henry@gamil.com,Henry Cavell,1001
xiuyi@gamil.com,Xiuyi Wang,1002
jiao@gamil.com,Jiao Xu,1003
john@gamil.com,John Mayer,1004
mariah@gamil.com,Mariah Carry,1005
james@gamil.com,James Cameron,1006
fang@gamil.com,Fang New,1007
jiande@gamil.com,Jiande Yu,1008
hao@gamil.com,Hao Shuai,1009
tim@gamil.com,Tim Cook,1010


